Country,Country Name,Year,female,male,litgap
AFE,Africa Eastern and Southern,2008,55.5635796,71.4521103,
AFW,Africa Western and Central,2008,40.003891,59.9644012,
ALB,Albania,2008,94.6818085,97.3061981,
ARB,Arab World,2008,61.2752113,79.393898,
BDI,Burundi,2008,43.1571884,53.1283913,
BOL,Bolivia,2008,86.831749,94.9554291,
BRA,Brazil,2008,90.2195511,89.8378677,
COL,Colombia,2008,93.4353714,93.3168793,
CSS,Caribbean small states,2008,92.9496918,89.0562134,
DZA,Algeria,2008,67.5487518,82.6158371,
EAP,East Asia & Pacific (excluding high income),2008,91.4022827,96.6058884,
EAR,Early-demographic dividend,2008,64.7356033,80.719017,
EAS,East Asia & Pacific,2008,91.1433334,96.2985077,
ECA,Europe & Central Asia (excluding high income),2008,96.4140701,99.0717468,
ECS,Europe & Central Asia,2008,96.4388199,98.356102,
ECU,Ecuador,2008,91.1225662,93.7494507,
ERI,Eritrea,2008,54.8010712,75.0724106,
ESP,Spain,2008,96.8868408,98.402298,
FCS,Fragile and conflict affected situations,2008,54.4477615,70.5541077,
HPC,Heavily indebted poor countries (HIPC),2008,44.3517914,63.7224388,
IBD,IBRD only,2008,80.9737015,90.4974289,
IBT,IDA & IBRD total,2008,74.8516235,85.9405899,
IDA,IDA total,2008,49.9004402,67.1171417,
IDB,IDA blend,2008,50.5125809,70.6103287,
IDN,Indonesia,2008,89.101387,95.3831863,
IDX,IDA only,2008,49.5998116,65.3274994,
IRN,"Iran, Islamic Rep.",2008,77.6947174,88.1770325,
KHM,Cambodia,2008,69.5864105,84.9874573,
KOR,"Korea, Rep.",2008,97.61866,98.3155212,
KWT,Kuwait,2008,91.7786484,95.0158768,
LAC,Latin America & Caribbean (excluding high income),2008,90.0229568,91.6120682,
LCN,Latin America & Caribbean,2008,90.6315308,92.077507,
LDC,Least developed countries: UN classification,2008,45.6508408,62.7399406,
LIC,Low income,2008,44.1927681,64.4670868,
LKA,Sri Lanka,2008,89.0734711,92.243927,
LMC,Lower middle income,2008,59.3010712,77.2409363,
LMY,Low & middle income,2008,74.4926682,85.7668228,
LTE,Late-demographic dividend,2008,92.1240616,96.2512817,
MAR,Morocco,2008,42.5878487,68.36586,
MEA,Middle East & North Africa,2008,67.5112305,83.6519318,
MEX,Mexico,2008,91.4536133,94.5921631,
MIC,Middle income,2008,76.7136536,87.2776794,
MNA,Middle East & North Africa (excluding high income),2008,65.3175735,82.1117096,
NAC,North America,2008,98.5814972,98.7268066,
NGA,Nigeria,2008,41.3867607,61.2540512,
OMN,Oman,2008,80.872261,89.999321,
OSS,Other small states,2008,78.8133316,84.2790909,
PAK,Pakistan,2008,40.0811806,68.8660965,
PHL,Philippines,2008,95.8256302,95.0121307,
PRE,Pre-demographic dividend,2008,45.47789,65.3582382,
PRK,"Korea, Dem. People's Rep.",2008,99.997612,99.9988785,
PRY,Paraguay,2008,92.4944305,94.1263199,
PSE,West Bank and Gaza,2008,90.7517014,97.2013016,
QAT,Qatar,2008,92.6638184,94.2906036,
SAS,South Asia,2008,50.9917603,73.9229965,
SDN,Sudan,2008,46.6996307,59.7982483,
SLV,El Salvador,2008,81.3594971,87.0546799,
SSA,Sub-Saharan Africa (excluding high income),2008,49.3811913,66.7670364,
SSD,South Sudan,2008,19.1863804,34.8369293,
SSF,Sub-Saharan Africa,2008,49.3873787,66.7710876,
SST,Small states,2008,82.2758331,85.5524292,
STP,Sao Tome and Principe,2008,60.0830307,80.3302383,
SUR,Suriname,2008,93.7653732,95.4929428,
TEA,East Asia & Pacific (IDA & IBRD countries),2008,91.2891617,96.5649338,
TEC,Europe & Central Asia (IDA & IBRD countries),2008,96.7362976,99.1024628,
TLA,Latin America & the Caribbean (IDA & IBRD countries),2008,90.4005585,91.8975525,
TMN,Middle East & North Africa (IDA & IBRD countries),2008,65.0695724,81.9702835,
TSA,South Asia (IDA & IBRD),2008,50.9917603,73.9229965,
TSS,Sub-Saharan Africa (IDA & IBRD countries),2008,49.3873787,66.7710876,
TUN,Tunisia,2008,69.2093735,86.3758087,
UMC,Upper middle income,2008,91.5905075,96.1550293,
URY,Uruguay,2008,98.4636612,97.8312836,
WLD,World,2008,78.6176071,87.9168396,
AFE,Africa Eastern and Southern,2009,56.4395103,72.0353012,
AFW,Africa Western and Central,2009,40.3823814,61.1384315,
ARB,Arab World,2009,59.9205513,78.5149689,
AZE,Azerbaijan,2009,99.6821518,99.8426666,
BLR,Belarus,2009,99.493988,99.7636871,
BOL,Bolivia,2009,86.8214569,95.8036423,
BRA,Brazil,2009,90.4112167,90.1748428,
COL,Colombia,2009,93.4151306,93.0625381,
EAP,East Asia & Pacific (excluding high income),2009,91.8786621,96.7444229,
EAR,Early-demographic dividend,2009,65.8554535,81.336853,
EAS,East Asia & Pacific,2009,91.612648,96.4406433,
ECA,Europe & Central Asia (excluding high income),2009,97.1307831,99.098732,
ECS,Europe & Central Asia,2009,96.6130676,98.2956619,
ECU,Ecuador,2009,90.9175491,93.6637802,
ESP,Spain,2009,96.925972,98.461937,
FCS,Fragile and conflict affected situations,2009,53.8481407,70.2091217,
GRC,Greece,2009,91.8476105,96.0662231,
GUY,Guyana,2009,87.2519836,82.4365616,
HPC,Heavily indebted poor countries (HIPC),2009,44.5009117,63.9516602,
IBD,IBRD only,2009,81.5287018,90.7076874,
IBT,IDA & IBRD total,2009,75.3407364,86.1625519,
IDA,IDA total,2009,50.4088707,67.5767212,
IDB,IDA blend,2009,51.4840012,71.6044083,
IDN,Indonesia,2009,89.6771164,95.6470108,
IDX,IDA only,2009,49.8802185,65.5075989,
KAZ,Kazakhstan,2009,99.684288,99.7862473,
KGZ,Kyrgyz Republic,2009,98.9812088,99.5187912,
KHM,Cambodia,2009,69.1090164,83.9326782,
LAC,Latin America & Caribbean (excluding high income),2009,90.3253937,91.9244766,
LBN,Lebanon,2009,88.087059,94.2719498,
LCN,Latin America & Caribbean,2009,90.8948364,92.3467636,
LDC,Least developed countries: UN classification,2009,46.3340988,63.2892685,
LIC,Low income,2009,44.6296997,65.0569077,
LMC,Lower middle income,2009,60.3066292,77.9117279,
LMY,Low & middle income,2009,74.989418,85.9925232,
LSO,Lesotho,2009,84.9639587,65.5219574,
LTE,Late-demographic dividend,2009,92.5248413,96.3820114,
MAR,Morocco,2009,43.9210815,68.9176178,
MDG,Madagascar,2009,61.6414108,67.4173126,
MEA,Middle East & North Africa,2009,67.6041794,83.5261688,
MEX,Mexico,2009,92.1162491,94.9165726,
MIC,Middle income,2009,77.2471008,87.5008087,
MNA,Middle East & North Africa (excluding high income),2009,65.2495117,81.7541504,
MOZ,Mozambique,2009,36.4522781,67.3546982,
OSS,Other small states,2009,78.0410309,83.848381,
PAK,Pakistan,2009,40.314621,68.6276169,
PRE,Pre-demographic dividend,2009,44.5021591,64.7009735,
PRY,Paraguay,2009,93.1440125,94.3677292,
PSE,West Bank and Gaza,2009,91.4814682,97.3166733,
QAT,Qatar,2009,92.9101791,95.1157074,
SAS,South Asia,2009,52.0031395,74.4110031,
SEN,Senegal,2009,37.4244118,59.7842712,
SLV,El Salvador,2009,81.8179474,86.8252106,
SSA,Sub-Saharan Africa (excluding high income),2009,50.0648994,67.5948792,
SSF,Sub-Saharan Africa,2009,50.070961,67.5988312,
SST,Small states,2009,81.7360382,85.2426834,
TEA,East Asia & Pacific (IDA & IBRD countries),2009,91.772049,96.7051697,
TEC,Europe & Central Asia (IDA & IBRD countries),2009,97.406723,99.1584015,
TGO,Togo,2009,43.6068993,71.1663513,
TLA,Latin America & the Caribbean (IDA & IBRD countries),2009,90.6756592,92.1816177,
TMN,Middle East & North Africa (IDA & IBRD countries),2009,64.9908218,81.6066437,
TSA,South Asia (IDA & IBRD),2009,52.0031395,74.4110031,
TSS,Sub-Saharan Africa (IDA & IBRD countries),2009,50.070961,67.5988312,
TUR,Turkiye,2009,85.3471603,96.3777084,
UMC,Upper middle income,2009,91.8592606,96.0552902,
URY,Uruguay,2009,98.5337219,97.9724197,
VEN,"Venezuela, RB",2009,95.3504028,95.6753693,
VNM,Viet Nam,2009,91.3790894,95.7853317,
WLD,World,2009,78.98526,88.0854568,
ZAF,South Africa,2009,91.768158,94.12146,
ABW,Aruba,2010,96.71978,96.9405289,
AFE,Africa Eastern and Southern,2010,57.1015015,72.5764236,
AFW,Africa Western and Central,2010,41.2178116,61.2639999,
ARB,Arab World,2010,61.1851807,79.034729,
AZE,Azerbaijan,2010,99.692627,99.8544388,
BRA,Brazil,2010,90.6817017,90.0561829,
CAF,Central African Republic,2010,24.3554897,50.7127113,
CHN,China,2010,92.7112274,97.4794617,
CMR,Cameroon,2010,64.7994995,78.3276901,
COL,Colombia,2010,93.4867935,93.2501907,
DOM,Dominican Republic,2010,89.6973038,89.377037,
EAP,East Asia & Pacific (excluding high income),2010,92.1929474,96.7644272,
EAR,Early-demographic dividend,2010,68.1740494,82.1839066,
EAS,East Asia & Pacific,2010,91.8322296,96.3970413,
ECA,Europe & Central Asia (excluding high income),2010,97.5702362,99.2675018,
ECS,Europe & Central Asia,2010,97.0707321,98.4909973,
ECU,Ecuador,2010,90.470108,93.3168716,
EGY,"Egypt, Arab Rep.",2010,63.5158081,80.2686462,
ESP,Spain,2010,97.0045013,98.5257111,
FCS,Fragile and conflict affected situations,2010,54.3423195,70.2879486,
GHA,Ghana,2010,65.294693,78.3489075,
GIN,Guinea,2010,12.1919498,36.7897911,
GNQ,Equatorial Guinea,2010,90.6760788,97.1839981,
HND,Honduras,2010,84.725029,84.7890091,
HPC,Heavily indebted poor countries (HIPC),2010,45.7585793,64.3599472,
IBD,IBRD only,2010,82.6526184,90.8197479,
IBT,IDA & IBRD total,2010,76.5320206,86.5422516,
IDA,IDA total,2010,52.1842918,69.2563782,
IDB,IDA blend,2010,52.1672592,71.872818,
IDX,IDA only,2010,52.1926689,67.9095993,
JOR,Jordan,2010,89.2077408,95.7672424,
KAZ,Kazakhstan,2010,99.7389908,99.8296814,
KWT,Kuwait,2010,92.6809387,95.545311,
LAC,Latin America & Caribbean (excluding high income),2010,90.5017014,91.7236481,
LCN,Latin America & Caribbean,2010,91.0409698,92.1611328,
LDC,Least developed countries: UN classification,2010,48.7306786,65.9301529,
LIC,Low income,2010,45.3856506,65.1594391,
LKA,Sri Lanka,2010,89.9586792,92.5784683,
LMC,Lower middle income,2010,62.8433304,78.8673019,
LMY,Low & middle income,2010,76.2049789,86.3809433,
LTE,Late-demographic dividend,2010,92.8330612,96.39888,
MEA,Middle East & North Africa,2010,68.6947708,83.9647369,
MEX,Mexico,2010,91.8534164,94.3839417,
MIC,Middle income,2010,78.5311966,87.934227,
MLI,Mali,2010,20.2879295,43.400631,
MNA,Middle East & North Africa (excluding high income),2010,66.3156662,82.1548004,
MNG,Mongolia,2010,98.3366318,98.1746979,
MWI,Malawi,2010,51.2519684,72.0976486,
OMN,Oman,2010,81.8032303,90.2430267,
OSS,Other small states,2010,78.4415207,84.7889023,
PAK,Pakistan,2010,41.0155296,68.9006119,
PAN,Panama,2010,93.48526,94.7074127,
PNG,Papua New Guinea,2010,57.9000015,65.2900009,
PRE,Pre-demographic dividend,2010,45.3518486,65.0898514,
PRI,Puerto Rico,2010,92.5301514,91.33078,
PRY,Paraguay,2010,92.9257431,94.8131485,
PSE,West Bank and Gaza,2010,91.8474426,97.5252075,
QAT,Qatar,2010,95.4018631,96.5116577,
RUS,Russian Federation,2010,99.6477814,99.7283096,
RWA,Rwanda,2010,61.5486107,71.1305389,
SAS,South Asia,2010,55.8053703,75.8133469,
SGP,Singapore,2010,93.7748108,98.0371399,
SLV,El Salvador,2010,82.3080215,87.0997009,
SSA,Sub-Saharan Africa (excluding high income),2010,50.8000984,67.9697876,
SSF,Sub-Saharan Africa,2010,50.8059692,67.9736023,
SST,Small states,2010,82.014061,85.9496078,
SUR,Suriname,2010,94.00354,95.3647919,
SWZ,Eswatini,2010,82.4475479,83.9001465,
SYC,Seychelles,2010,94.4489822,93.4639206,
TEA,East Asia & Pacific (IDA & IBRD countries),2010,92.0906525,96.7254181,
TEC,Europe & Central Asia (IDA & IBRD countries),2010,97.7859421,99.3025436,
THA,Thailand,2010,96.4270477,96.4350204,
TJK,Tajikistan,2010,99.5999985,99.8000031,
TLA,Latin America & the Caribbean (IDA & IBRD countries),2010,90.8280487,91.9908524,
TLS,Timor-Leste,2010,52.9589996,63.5917892,
TMN,Middle East & North Africa (IDA & IBRD countries),2010,66.0611725,82.0075912,
TSA,South Asia (IDA & IBRD),2010,55.8053703,75.8133469,
TSS,Sub-Saharan Africa (IDA & IBRD countries),2010,50.8059692,67.9736023,
TUN,Tunisia,2010,71.0882111,87.3757324,
TUR,Turkiye,2010,88.0731735,97.2998123,
TZA,Tanzania,2010,60.7526207,75.4677963,
UGA,Uganda,2010,64.5914536,82.6313934,
UMC,Upper middle income,2010,92.1985703,96.0979004,
URY,Uruguay,2010,98.4909515,97.6101685,
WLD,World,2010,79.9618301,88.3866882,
ZAF,South Africa,2010,91.7139893,94.1438522,
ZMB,Zambia,2010,77.7466431,88.6840286,
AFE,Africa Eastern and Southern,2011,59.7411194,74.2978668,
AFG,Afghanistan,2011,17.0178394,45.417099,
AFW,Africa Western and Central,2011,42.0280495,61.7412796,
ALB,Albania,2011,95.6914825,98.0081635,
ARB,Arab World,2011,63.26614,80.4856491,
ARM,Armenia,2011,99.6903534,99.8060837,
AZE,Azerbaijan,2011,99.7049637,99.8566589,
BGD,Bangladesh,2011,55.1194382,62.4830589,
BGR,Bulgaria,2011,97.983902,98.7472305,
BHR,Bahrain,2011,90.6999969,93.0999985,
BIH,Bosnia and Herzegovina,2011,96.8037109,99.5413284,
BOL,Bolivia,2011,88.0802002,96.6010513,
BRA,Brazil,2011,91.6331482,91.1689835,
BRN,Brunei Darussalam,2011,94.6524811,97.4281616,
CHL,Chile,2011,96.5307083,96.8987808,
COG,"Congo, Rep.",2011,72.8770599,86.4343109,
COL,Colombia,2011,93.6671295,93.4882584,
CRI,Costa Rica,2011,97.500412,97.3063278,
CYP,Cyprus,2011,98.1162262,99.2861481,
DOM,Dominican Republic,2011,90.2255707,89.9850082,
EAP,East Asia & Pacific (excluding high income),2011,91.9139023,96.5320663,
EAR,Early-demographic dividend,2011,68.4508286,82.0162277,
EAS,East Asia & Pacific,2011,91.5148392,96.1352692,
ECA,Europe & Central Asia (excluding high income),2011,97.9569778,99.3898468,
ECS,Europe & Central Asia,2011,97.2734833,98.5564728,
ECU,Ecuador,2011,90.2208176,93.0525208,
ESP,Spain,2011,97.065567,98.5361862,
EST,Estonia,2011,99.9094772,99.8589783,
FCS,Fragile and conflict affected situations,2011,54.3508987,70.1357422,
HND,Honduras,2011,84.9302673,85.3412781,
HPC,Heavily indebted poor countries (HIPC),2011,48.2252502,65.99646,
IBD,IBRD only,2011,83.0524979,91.0279465,
IBT,IDA & IBRD total,2011,76.8997574,86.619812,
IDA,IDA total,2011,52.7403297,69.0230026,
IDB,IDA blend,2011,52.9076691,71.3425293,
IDN,Indonesia,2011,90.0687027,95.5910873,
IDX,IDA only,2011,52.6579514,67.8282013,
IND,India,2011,59.2773209,,
ITA,Italy,2011,98.579567,99.1410065,
JOR,Jordan,2011,93.9334564,97.7483597,
LAC,Latin America & Caribbean (excluding high income),2011,91.1359711,92.4688263,
LAO,Lao PDR,2011,49.7230797,67.3585815,
LCN,Latin America & Caribbean,2011,91.5806808,92.7601089,
LDC,Least developed countries: UN classification,2011,49.1791611,65.7827682,
LIC,Low income,2011,47.8613701,66.7175293,
LMC,Lower middle income,2011,63.2070618,78.7353363,
LMY,Low & middle income,2011,76.5856476,86.4691391,
LTE,Late-demographic dividend,2011,93.2301407,96.7210312,
LTU,Lithuania,2011,99.8332367,99.7941895,
LVA,Latvia,2011,99.9079208,99.8811035,
MAC,"Macao SAR, China",2011,93.7319107,97.7512894,
MAR,Morocco,2011,57.6399918,76.0735779,
MEA,Middle East & North Africa,2011,69.3978577,84.6332474,
MEX,Mexico,2011,92.3382797,94.7827682,
MHL,Marshall Islands,2011,98.20298,98.3250885,
MIC,Middle income,2011,78.7863007,87.9378967,
MLI,Mali,2011,18.9046898,43.5204697,
MLT,Malta,2011,94.7900391,91.7926483,
MNA,Middle East & North Africa (excluding high income),2011,66.48526,82.3590622,
MNE,Montenegro,2011,97.5005112,99.4312134,
MUS,Mauritius,2011,86.6580734,91.9517212,
NAM,Namibia,2011,87.9510574,88.6312332,
NPL,Nepal,2011,48.8375893,71.7083817,
OSS,Other small states,2011,79.0682602,85.1271362,
PAK,Pakistan,2011,41.9753914,66.9911423,
PRE,Pre-demographic dividend,2011,47.5343285,66.4071503,
PRT,Portugal,2011,92.8607712,96.2855835,
PSE,West Bank and Gaza,2011,92.2456207,97.7440491,
QAT,Qatar,2011,95.5629807,96.6259079,
ROU,Romania,2011,98.2052078,99.0342865,
SAS,South Asia,2011,56.8044014,75.8711929,
SEN,Senegal,2011,40.2549515,66.0360107,
SGP,Singapore,2011,94.0683365,98.3928375,
SLV,El Salvador,2011,83.0156403,88.3916473,
SRB,Serbia,2011,96.7491074,99.2646408,
SSA,Sub-Saharan Africa (excluding high income),2011,52.7228012,69.1907578,
SSF,Sub-Saharan Africa,2011,52.7284317,69.194519,
SST,Small states,2011,82.4608612,86.2102127,
TEA,East Asia & Pacific (IDA & IBRD countries),2011,91.8081284,96.490242,
TEC,Europe & Central Asia (IDA & IBRD countries),2011,98.1194992,99.4076385,
TGO,Togo,2011,47.9773903,74.0568237,
TLA,Latin America & the Caribbean (IDA & IBRD countries),2011,91.3859406,92.6094131,
TMN,Middle East & North Africa (IDA & IBRD countries),2011,66.2257767,82.2101974,
TON,Tonga,2011,99.4342194,99.3350983,
TSA,South Asia (IDA & IBRD),2011,56.8044014,75.8711929,
TSS,Sub-Saharan Africa (IDA & IBRD countries),2011,52.7284317,69.194519,
TUN,Tunisia,2011,71.729599,87.7607574,
TUR,Turkiye,2011,90.3100967,97.9349899,
UMC,Upper middle income,2011,92.4961166,96.3036423,
URY,Uruguay,2011,98.6190796,98.0231094,
VEN,"Venezuela, RB",2011,95.0288773,94.5023193,
WLD,World,2011,80.2473526,88.4485779,
WSM,Samoa,2011,99.0695267,98.8819199,
ZAF,South Africa,2011,92.0478897,94.2450867,
ZWE,Zimbabwe,2011,80.0656586,87.7648087,
AFE,Africa Eastern and Southern,2012,61.5093117,75.6544724,
AFW,Africa Western and Central,2012,42.7567482,62.2226295,
ALB,Albania,2012,96.1360703,98.3526077,
ARB,Arab World,2012,67.0943832,83.6150818,
AZE,Azerbaijan,2012,99.702858,99.8528519,
BEN,Benin,2012,22.0938797,44.9602585,
BGD,Bangladesh,2012,54.2360382,61.5428696,
BOL,Bolivia,2012,91.8732681,97.107048,
BRA,Brazil,2012,91.6249008,91.0256729,
BTN,Bhutan,2012,45.2045097,66.0030594,
CIV,Cote d'Ivoire,2012,30.4617195,51.5926704,
COD,"Congo, Dem. Rep.",2012,62.9186401,87.9083862,
COM,Comoros,2012,42.637291,56.4798012,
CPV,Cabo Verde,2012,80.4962234,90.4745026,
CUB,Cuba,2012,99.7171478,99.6284637,
DOM,Dominican Republic,2012,90.2241669,90.0848236,
EAP,East Asia & Pacific (excluding high income),2012,92.1322403,96.6564713,
EAR,Early-demographic dividend,2012,69.0843582,82.5437698,
EAS,East Asia & Pacific,2012,91.7530823,96.2736206,
ECA,Europe & Central Asia (excluding high income),2012,98.1531906,99.4470062,
ECS,Europe & Central Asia,2012,97.4160919,98.6158066,
ECU,Ecuador,2012,90.951683,93.2542419,
EGY,"Egypt, Arab Rep.",2012,65.7566605,81.6792221,
ESP,Spain,2012,97.2180405,98.6065292,
FCS,Fragile and conflict affected situations,2012,55.9969406,71.7005081,
GAB,Gabon,2012,79.8789673,84.8732986,
GTM,Guatemala,2012,72.4280396,84.848732,
HND,Honduras,2012,85.0514832,85.6961975,
HPC,Heavily indebted poor countries (HIPC),2012,49.8035812,67.0329285,
IBD,IBRD only,2012,83.5954819,91.4562225,
IBT,IDA & IBRD total,2012,77.4555435,87.109993,
IDA,IDA total,2012,53.6668892,69.9773102,
IDB,IDA blend,2012,53.9323692,73.1303024,
IDX,IDA only,2012,53.5363998,68.3551788,
IRN,"Iran, Islamic Rep.",2012,78.4162674,88.8798218,
IRQ,Iraq,2012,69,85.9000015,
JOR,Jordan,2012,97.3720093,98.4445572,
KWT,Kuwait,2012,94.9652481,95.8397217,
LAC,Latin America & Caribbean (excluding high income),2012,91.4866333,92.6158218,
LCN,Latin America & Caribbean,2012,91.9162292,92.912468,
LDC,Least developed countries: UN classification,2012,50.1896095,66.3956299,
LIC,Low income,2012,48.4092484,67.1370697,
LMC,Lower middle income,2012,64.089798,79.4964066,
LMY,Low & middle income,2012,77.1513901,86.9666672,
LTE,Late-demographic dividend,2012,93.4553528,96.8551712,
MAR,Morocco,2012,59.1306381,80.3833618,
MDG,Madagascar,2012,68.2833023,75.0288696,
MEA,Middle East & North Africa,2012,72.1373672,87.0118866,
MEX,Mexico,2012,93.1792374,95.3916321,
MIC,Middle income,2012,79.3894119,88.4667587,
MKD,North Macedonia,2012,96.4000015,98.6999969,
MNA,Middle East & North Africa (excluding high income),2012,69.5184479,85.2041016,
MUS,Mauritius,2012,88.9793472,94.6524124,
NER,Niger,2012,22.5512905,39.0586891,
OSS,Other small states,2012,79.6132889,85.6013565,
PAK,Pakistan,2012,43.0718918,69.858223,
PER,Peru,2012,90.6688309,96.9501266,
PRE,Pre-demographic dividend,2012,50.2775993,68.9527435,
PRY,Paraguay,2012,93.5878525,94.8172531,
PSE,West Bank and Gaza,2012,93.2184601,98.0675735,
QAT,Qatar,2012,95.7740784,96.9207687,
SAS,South Asia,2012,57.5709991,76.6438293,
SGP,Singapore,2012,94.3595886,98.4694595,
SSA,Sub-Saharan Africa (excluding high income),2012,54.0858612,70.1966171,
SSF,Sub-Saharan Africa,2012,54.0912704,70.2002487,
SST,Small states,2012,82.790863,86.55336,
STP,Sao Tome and Principe,2012,85.4417038,94.9561691,
SUR,Suriname,2012,90.9979095,94.869873,
TEA,East Asia & Pacific (IDA & IBRD countries),2012,92.0294724,96.6160889,
TEC,Europe & Central Asia (IDA & IBRD countries),2012,98.2934265,99.4572678,
TLA,Latin America & the Caribbean (IDA & IBRD countries),2012,91.7344208,92.7675018,
TMN,Middle East & North Africa (IDA & IBRD countries),2012,69.2763901,85.0779724,
TSA,South Asia (IDA & IBRD),2012,57.5709991,76.6438293,
TSS,Sub-Saharan Africa (IDA & IBRD countries),2012,54.0912704,70.2002487,
TUN,Tunisia,2012,72.1606522,88.4757767,
TUR,Turkiye,2012,91.6045227,98.2629013,
TZA,Tanzania,2012,73.3471832,83.3776932,
UGA,Uganda,2012,61.9704285,79.1230392,
UKR,Ukraine,2012,99.9581985,99.9939423,
UMC,Upper middle income,2012,92.9934998,96.7032089,
URY,Uruguay,2012,98.660553,98.1039734,
WLD,World,2012,80.7041626,88.8572006,
ZAF,South Africa,2012,92.5862503,94.9637222,
AFE,Africa Eastern and Southern,2013,62.6071815,76.5160828,
AFW,Africa Western and Central,2013,43.4412117,62.6551399,
ARB,Arab World,2013,64.2285614,81.4901123,
AZE,Azerbaijan,2013,99.7168198,99.865921,
BGD,Bangladesh,2013,57.7890015,64.213768,
BIH,Bosnia and Herzegovina,2013,94.9104919,99.1762772,
BRA,Brazil,2013,91.7649612,91.1779633,
BWA,Botswana,2013,87.45121,86.122139,
CEB,Central Europe and the Baltics,2013,99.1360016,99.4715424,
CHL,Chile,2013,96.1617508,96.3880081,
DOM,Dominican Republic,2013,91.2505112,90.4581299,
EAP,East Asia & Pacific (excluding high income),2013,92.2632065,96.7186966,
EAR,Early-demographic dividend,2013,69.6980515,82.8922806,
EAS,East Asia & Pacific,2013,91.8868484,96.3432236,
ECA,Europe & Central Asia (excluding high income),2013,98.2219086,99.4642181,
ECS,Europe & Central Asia,2013,97.5037689,98.6583099,
ECU,Ecuador,2013,92.2180786,94.4257278,
EGY,"Egypt, Arab Rep.",2013,62.7052193,81.6940613,
ESP,Spain,2013,97.4405365,98.7487488,
FCS,Fragile and conflict affected situations,2013,55.4462891,70.9347229,
GMB,"Gambia, The",2013,33.5753517,51.4180412,
GTM,Guatemala,2013,72.1275864,82.7206802,
HND,Honduras,2013,85.284729,85.6683731,
HPC,Heavily indebted poor countries (HIPC),2013,50.9395905,67.8614807,
IBD,IBRD only,2013,83.6618576,91.4273071,
IBT,IDA & IBRD total,2013,77.6383133,87.1640167,
IDA,IDA total,2013,54.5669098,70.537529,
IDB,IDA blend,2013,53.9177589,72.8737183,
IDX,IDA only,2013,54.8851891,69.3380127,
IRN,"Iran, Islamic Rep.",2013,79.7558365,89.5424805,
KWT,Kuwait,2013,94.3011627,96.354187,
LAC,Latin America & Caribbean (excluding high income),2013,91.5903015,92.6505814,
LCN,Latin America & Caribbean,2013,91.9930191,92.9299164,
LDC,Least developed countries: UN classification,2013,51.7252007,67.5071793,
LIC,Low income,2013,49.4457207,67.9315567,
LMC,Lower middle income,2013,64.7795792,79.9075089,
LMY,Low & middle income,2013,77.3421097,87.0250397,
LTE,Late-demographic dividend,2013,93.5302124,96.9062195,
MEA,Middle East & North Africa,2013,69.8238525,85.2253265,
MEX,Mexico,2013,92.9039383,95.1121063,
MIC,Middle income,2013,79.5426483,88.4894028,
MNA,Middle East & North Africa (excluding high income),2013,66.9064407,82.9989319,
MRT,Mauritania,2013,56.5924416,67.9572067,
MUS,Mauritius,2013,89.0509415,94.0368881,
OSS,Other small states,2013,79.9745331,85.8914871,
PAK,Pakistan,2013,41.9749413,68.6293411,
PHL,Philippines,2013,96.7873611,96.0083389,
PLW,Palau,2013,99.5279388,99.4672089,
PRE,Pre-demographic dividend,2013,49.9848213,68.2780228,
PRY,Paraguay,2013,94.4662628,95.6661911,
PSE,West Bank and Gaza,2013,93.7719269,98.2670593,
QAT,Qatar,2013,97.073143,97.5847092,
SAS,South Asia,2013,58.5660095,77.149559,
SAU,Saudi Arabia,2013,91.3692474,96.5314331,
SEN,Senegal,2013,33.7603607,53.9004097,
SGP,Singapore,2013,94.6418686,98.5425415,
SLE,Sierra Leone,2013,24.8566799,41.3321686,
SLV,El Salvador,2013,84.6703491,89.2350082,
SSA,Sub-Saharan Africa (excluding high income),2013,55.0332794,70.8941269,
SSF,Sub-Saharan Africa,2013,55.0385208,70.8976593,
SST,Small states,2013,82.9733582,86.8003387,
TEA,East Asia & Pacific (IDA & IBRD countries),2013,92.1622925,96.6790314,
TEC,Europe & Central Asia (IDA & IBRD countries),2013,98.35746,99.4730911,
THA,Thailand,2013,92.2491608,95.2512589,
TLA,Latin America & the Caribbean (IDA & IBRD countries),2013,91.8138733,92.7856216,
TMN,Middle East & North Africa (IDA & IBRD countries),2013,66.6288605,82.8474503,
TSA,South Asia (IDA & IBRD),2013,58.5660095,77.149559,
TSS,Sub-Saharan Africa (IDA & IBRD countries),2013,55.0385208,70.8976593,
TUR,Turkiye,2013,92.1380768,98.4013672,
UMC,Upper middle income,2013,92.7966232,96.4429626,
URY,Uruguay,2013,98.6364288,98.0634232,
UZB,Uzbekistan,2013,99.9958725,99.9938278,
WLD,World,2013,80.8429718,88.901413,
AFE,Africa Eastern and Southern,2014,63.2671318,76.7924881,
AFW,Africa Western and Central,2014,44.6270599,63.5078888,
AGO,Angola,2014,53.4072113,79.9741516,
ARB,Arab World,2014,68.0543213,84.2571335,
AZE,Azerbaijan,2014,99.7196579,99.8620071,
BDI,Burundi,2014,54.6416588,69.5872803,
BFA,Burkina Faso,2014,26.2202492,44.3794518,
BGD,Bangladesh,2014,57.8609314,64.3650894,
BRA,Brazil,2014,92.0605164,91.3667679,
CEB,Central Europe and the Baltics,2014,99.1648788,99.4768372,
CIV,Cote d'Ivoire,2014,36.7842484,50.7019005,
COL,Colombia,2014,94.4846573,93.8674011,
DOM,Dominican Republic,2014,92.147789,91.3715973,
EAP,East Asia & Pacific (excluding high income),2014,92.9346085,96.9602203,
EAR,Early-demographic dividend,2014,70.9281616,83.4473267,
EAS,East Asia & Pacific,2014,92.6412201,96.6613007,
ECA,Europe & Central Asia (excluding high income),2014,98.2583084,99.4813385,
ECS,Europe & Central Asia,2014,97.5604324,98.685463,
ECU,Ecuador,2014,93.2538605,95.2571716,
ESP,Spain,2014,97.4873505,98.7312698,
FCS,Fragile and conflict affected situations,2014,57.3688812,72.7076797,
GEO,Georgia,2014,99.5145798,99.6682129,
GIN,Guinea,2014,21.9622498,43.6400909,
GNB,Guinea-Bissau,2014,30.7685108,62.1579704,
GTM,Guatemala,2014,76.3706589,86.7561569,
GUY,Guyana,2014,85.0346069,86.3143768,
HND,Honduras,2014,87.0259933,87.3959503,
HPC,Heavily indebted poor countries (HIPC),2014,51.9952583,68.5456314,
IBD,IBRD only,2014,84.4365005,91.8553085,
IBT,IDA & IBRD total,2014,78.4127121,87.5771866,
IDA,IDA total,2014,55.5826416,71.0531311,
IDB,IDA blend,2014,55.2834091,73.3062668,
IDN,Indonesia,2014,93.4508972,96.791008,
IDX,IDA only,2014,55.7290192,69.8980713,
IRN,"Iran, Islamic Rep.",2014,79.8393478,89.6354218,
IRQ,Iraq,2014,74.5999985,90,
KEN,Kenya,2014,74.0063171,83.7780304,
KHM,Cambodia,2014,71.7817993,84.8141479,
LAC,Latin America & Caribbean (excluding high income),2014,92.0518494,92.9962997,
LCN,Latin America & Caribbean,2014,92.468399,93.3332138,
LDC,Least developed countries: UN classification,2014,52.6307907,68.2390213,
LIC,Low income,2014,49.8515816,68.2255325,
LMC,Lower middle income,2014,65.7448196,80.3310928,
LMY,Low & middle income,2014,78.1250229,87.4365921,
LSO,Lesotho,2014,84.9348907,67.747467,
LTE,Late-demographic dividend,2014,93.6428986,96.896759,
MAR,Morocco,2014,53.3109207,75.3672638,
MDA,Moldova,2014,99.140419,99.6020126,
MDV,Maldives,2014,98.6916733,98.52034,
MEA,Middle East & North Africa,2014,73.0858231,87.6126099,
MEX,Mexico,2014,93.5913391,95.6204681,
MIC,Middle income,2014,80.3792267,88.9263763,
MNA,Middle East & North Africa (excluding high income),2014,70.4702377,85.7887878,
MUS,Mauritius,2014,90.2833176,94.7653809,
MWI,Malawi,2014,55.1309891,75.9792633,
OSS,Other small states,2014,80.3486099,86.2347717,
PAK,Pakistan,2014,44.2834206,69.0668106,
PER,Peru,2014,90.4491806,96.9489822,
PRE,Pre-demographic dividend,2014,52.4204102,70.4378204,
PRY,Paraguay,2014,94.214798,95.8741226,
PSE,West Bank and Gaza,2014,94.0963287,98.2791367,
QAT,Qatar,2014,97.5582733,97.7937012,
RWA,Rwanda,2014,66.1374435,76.1497269,
SAS,South Asia,2014,59.5967484,77.6099625,
SGP,Singapore,2014,94.9113235,98.6090164,
SSA,Sub-Saharan Africa (excluding high income),2014,55.9129601,71.4131927,
SSF,Sub-Saharan Africa,2014,55.9180183,71.4166336,
SST,Small states,2014,83.2145691,87.0426865,
SYR,Syrian Arab Republic,2014,80.9000015,91.5999985,
TEA,East Asia & Pacific (IDA & IBRD countries),2014,92.8425522,96.9234009,
TEC,Europe & Central Asia (IDA & IBRD countries),2014,98.3935776,99.4887924,
TLA,Latin America & the Caribbean (IDA & IBRD countries),2014,92.3046036,93.201767,
TMN,Middle East & North Africa (IDA & IBRD countries),2014,70.2232895,85.6634369,
TSA,South Asia (IDA & IBRD),2014,59.5967484,77.6099625,
TSS,Sub-Saharan Africa (IDA & IBRD countries),2014,55.9180183,71.4166336,
TUN,Tunisia,2014,72.2237701,86.0601196,
TUR,Turkiye,2014,92.4018173,98.496788,
UMC,Upper middle income,2014,93.653717,96.9733963,
URY,Uruguay,2014,98.8090515,98.0250702,
UZB,Uzbekistan,2014,99.9759903,99.9851913,
VUT,Vanuatu,2014,83.1999969,86.1800003,
WLD,World,2014,81.5196609,89.2741089,
ZAF,South Africa,2014,93.0730591,95.28685,
ZWE,Zimbabwe,2014,88.2838287,89.1853714,
AFE,Africa Eastern and Southern,2015,64.014389,76.9662399,
AFW,Africa Western and Central,2015,45.5737801,64.2223663,
ARB,Arab World,2015,66.6015701,82.6463928,
AZE,Azerbaijan,2015,99.7171402,99.8626328,
BGD,Bangladesh,2015,62.2529907,68.0553589,
BOL,Bolivia,2015,88.5828629,96.5227509,
BRA,Brazil,2015,92.3437881,91.7251587,
CEB,Central Europe and the Baltics,2015,99.1938019,99.4815674,
CHL,Chile,2015,96.7439575,97.0246887,
COL,Colombia,2015,94.4158173,94.0631714,
CPV,Cabo Verde,2015,82.0422211,91.6914368,
DOM,Dominican Republic,2015,92.3210602,91.6507111,
EAP,East Asia & Pacific (excluding high income),2015,93.1638412,97.1399307,
EAR,Early-demographic dividend,2015,71.7644272,84.0876694,
EAS,East Asia & Pacific,2015,92.8814392,96.8454132,
ECA,Europe & Central Asia (excluding high income),2015,98.2894974,99.4938812,
ECS,Europe & Central Asia,2015,97.6148911,98.7154922,
ECU,Ecuador,2015,93.2566223,95.7262192,
ESP,Spain,2015,97.5471268,98.7708893,
FCS,Fragile and conflict affected situations,2015,56.5096817,71.545517,
GMB,"Gambia, The",2015,41.5770187,61.7672501,
HND,Honduras,2015,87.8936996,87.922081,
HPC,Heavily indebted poor countries (HIPC),2015,52.6687584,68.8632584,
IBD,IBRD only,2015,84.6464386,91.9282532,
IBT,IDA & IBRD total,2015,78.7430801,87.76548,
IDA,IDA total,2015,56.6275787,71.8602295,
IDB,IDA blend,2015,55.8064384,73.9773636,
IDN,Indonesia,2015,93.3357086,97.1065216,
IDX,IDA only,2015,57.0279884,70.7780685,
KHM,Cambodia,2015,75.0338669,86.5324402,
KWT,Kuwait,2015,94.470047,96.3922501,
LAC,Latin America & Caribbean (excluding high income),2015,92.1739578,93.2019424,
LAO,Lao PDR,2015,79.391037,89.9612808,
LCN,Latin America & Caribbean,2015,92.5874329,93.5354309,
LDC,Least developed countries: UN classification,2015,54.1235085,69.2549362,
LIC,Low income,2015,50.59552,68.4582672,
LMC,Lower middle income,2015,66.8146973,81.119133,
LMY,Low & middle income,2015,78.4618225,87.6278534,
LTE,Late-demographic dividend,2015,93.9332733,97.1029282,
MEA,Middle East & North Africa,2015,72.0873795,86.4213562,
MEX,Mexico,2015,93.4854965,95.5493317,
MIC,Middle income,2015,80.711937,89.1340408,
MLI,Mali,2015,22.1958103,45.0659218,
MNA,Middle East & North Africa (excluding high income),2015,69.2783279,84.0652771,
MOZ,Mozambique,2015,43.0624619,70.7583923,
MUS,Mauritius,2015,90.6540222,94.8611679,
MWI,Malawi,2015,55.2041092,69.7539673,
NIC,Nicaragua,2015,82.7793503,82.4385529,
OMN,Oman,2015,86.0372086,96.6328735,
OSS,Other small states,2015,81.1061172,87.0553818,
PER,Peru,2015,91.2465286,97.1063766,
PHL,Philippines,2015,98.2417526,98.1232529,
PLW,Palau,2015,96.3401489,96.8127518,
PRE,Pre-demographic dividend,2015,51.670681,69.1997375,
PRY,Paraguay,2015,94.8744202,96.254303,
PSE,West Bank and Gaza,2015,94.5301437,98.3768768,
SAS,South Asia,2015,60.7380486,78.4071274,
SGP,Singapore,2015,95.1906509,98.5595703,
SLV,El Salvador,2015,86.2171021,90.0099411,
SSA,Sub-Saharan Africa (excluding high income),2015,56.74683,71.8125381,
SSF,Sub-Saharan Africa,2015,56.7517204,71.8159027,
SST,Small states,2015,83.7748871,87.6678925,
TCD,Chad,2015,13.9334097,38.9182014,
TEA,East Asia & Pacific (IDA & IBRD countries),2015,93.0748672,97.105217,
TEC,Europe & Central Asia (IDA & IBRD countries),2015,98.4251328,99.500618,
TGO,Togo,2015,51.2417793,77.2594299,
THA,Thailand,2015,91.1919327,94.6591187,
TLA,Latin America & the Caribbean (IDA & IBRD countries),2015,92.4344788,93.4088135,
TMN,Middle East & North Africa (IDA & IBRD countries),2015,69.0115204,83.9202805,
TSA,South Asia (IDA & IBRD),2015,60.7380486,78.4071274,
TSS,Sub-Saharan Africa (IDA & IBRD countries),2015,56.7517204,71.8159027,
TUR,Turkiye,2015,92.645813,98.5756226,
TZA,Tanzania,2015,73.0938263,83.2048492,
UMC,Upper middle income,2015,93.4486008,96.7149887,
URY,Uruguay,2015,98.8674622,98.1459198,
UZB,Uzbekistan,2015,99.975769,99.9920425,
VEN,"Venezuela, RB",2015,96.5600662,96.6510773,
WLD,World,2015,81.7886887,89.4429321,
ZAF,South Africa,2015,93.4080276,95.3965302,
AFE,Africa Eastern and Southern,2016,65.0719299,77.4823685,
AFW,Africa Western and Central,2016,46.3670082,64.573761,
ARB,Arab World,2016,68.443428,83.6165695,
ARM,Armenia,2016,99.6903534,99.8060837,
AZE,Azerbaijan,2016,99.7195511,99.8640518,
BGD,Bangladesh,2016,69.8972092,75.6188507,
BRA,Brazil,2016,93.0212021,92.5751572,
CEB,Central Europe and the Baltics,2016,99.2280579,99.4880676,
COD,"Congo, Dem. Rep.",2016,66.4999771,88.5246887,
COL,Colombia,2016,94.8902206,94.4022827,
DOM,Dominican Republic,2016,93.7641296,93.793602,
EAP,East Asia & Pacific (excluding high income),2016,93.4136581,97.2278366,
EAR,Early-demographic dividend,2016,72.5756302,84.5241318,
EAS,East Asia & Pacific,2016,93.1314468,96.9381638,
ECA,Europe & Central Asia (excluding high income),2016,98.4836731,99.5436096,
ECS,Europe & Central Asia,2016,97.747963,98.76371,
ECU,Ecuador,2016,93.3145294,95.4450226,
ESP,Spain,2016,97.6953583,98.835968,
FCS,Fragile and conflict affected situations,2016,58.5854797,73.2584763,
HND,Honduras,2016,88.9348602,89.0489426,
HPC,Heavily indebted poor countries (HIPC),2016,53.8300285,69.3403091,
HTI,Haiti,2016,58.3005219,65.2776489,
IBD,IBRD only,2016,85.1535873,92.1948013,
IBT,IDA & IBRD total,2016,79.4350204,88.1953506,
IDA,IDA total,2016,58.2772408,73.0724487,
IDB,IDA blend,2016,56.7574387,74.5028076,
IDN,Indonesia,2016,93.5869217,97.1744385,
IDX,IDA only,2016,59.0164413,72.3461533,
IRN,"Iran, Islamic Rep.",2016,80.7874374,90.3524094,
IRQ,Iraq,2016,76.8000031,90,
LAC,Latin America & Caribbean (excluding high income),2016,92.6637115,93.6966019,
LCN,Latin America & Caribbean,2016,93.0710068,94.0093307,
LDC,Least developed countries: UN classification,2016,56.3658295,71.0202866,
LIC,Low income,2016,51.7029915,68.8258209,
LKA,Sri Lanka,2016,91.4861069,93.4558868,
LMC,Lower middle income,2016,67.7120819,81.602951,
LMY,Low & middle income,2016,79.1627197,88.0626831,
LTE,Late-demographic dividend,2016,94.2317505,97.2672195,
MAC,"Macao SAR, China",2016,95.0325699,98.1859207,
MDV,Maldives,2016,98.1147079,97.2989273,
MEA,Middle East & North Africa,2016,73.4915924,87.1168213,
MEX,Mexico,2016,93.9685211,95.8448181,
MIC,Middle income,2016,81.41008,89.5956497,
MMR,Myanmar,2016,71.8469925,80.0115891,
MNA,Middle East & North Africa (excluding high income),2016,70.8509369,84.8677368,
MUS,Mauritius,2016,90.9805527,95.4358597,
OSS,Other small states,2016,81.4970398,87.5044632,
PER,Peru,2016,91.18853,97.1884613,
PRE,Pre-demographic dividend,2016,54.3360786,71.2604675,
PRY,Paraguay,2016,93.8350525,95.476059,
PSE,West Bank and Gaza,2016,94.8863373,98.5067902,
SAS,South Asia,2016,62.3422813,79.5162964,
SGP,Singapore,2016,95.4478912,98.7344666,
SLV,El Salvador,2016,86.3264236,90.2992706,
SRB,Serbia,2016,98.2282791,99.4997025,
SSA,Sub-Saharan Africa (excluding high income),2016,57.7122803,72.2740097,
SSF,Sub-Saharan Africa,2016,57.71698,72.2772827,
SST,Small states,2016,84.0566711,88.0114212,
TCD,Chad,2016,13.9552298,31.3287907,
TEA,East Asia & Pacific (IDA & IBRD countries),2016,93.3281097,97.1941528,
TEC,Europe & Central Asia (IDA & IBRD countries),2016,98.5960999,99.5441666,
TLA,Latin America & the Caribbean (IDA & IBRD countries),2016,92.9338226,93.8979187,
TMN,Middle East & North Africa (IDA & IBRD countries),2016,70.5940399,84.7278824,
TSA,South Asia (IDA & IBRD),2016,62.3422813,79.5162964,
TSS,Sub-Saharan Africa (IDA & IBRD countries),2016,57.71698,72.2772827,
TUR,Turkiye,2016,93.5630112,98.7758331,
UMC,Upper middle income,2016,94.0921173,97.2263489,
URY,Uruguay,2016,98.8503189,98.2445297,
UZB,Uzbekistan,2016,99.9784088,99.994873,
VEN,"Venezuela, RB",2016,97.213707,97.0391083,
WLD,World,2016,82.3537827,89.7984238,
AFE,Africa Eastern and Southern,2017,65.3260269,77.0223923,
AFW,Africa Western and Central,2017,47.3997116,65.5971222,
ARB,Arab World,2017,69.6344223,83.9379578,
ARM,Armenia,2017,99.6771622,99.8054962,
AZE,Azerbaijan,2017,99.7219925,99.8637466,
BDI,Burundi,2017,61.22369,76.296051,
BGD,Bangladesh,2017,70.085701,75.7023621,
BRA,Brazil,2017,93.2437134,92.8915329,
BTN,Bhutan,2017,57.0836182,75.0198517,
CEB,Central Europe and the Baltics,2017,99.2559586,99.493782,
CHL,Chile,2017,96.3340225,96.480629,
CYM,Cayman Islands,2017,99.0214767,98.7223892,
EAP,East Asia & Pacific (excluding high income),2017,93.6259918,97.3298569,
EAR,Early-demographic dividend,2017,73.0892868,84.7090988,
EAS,East Asia & Pacific,2017,93.3517609,97.045433,
ECA,Europe & Central Asia (excluding high income),2017,98.4727707,99.5559998,
ECS,Europe & Central Asia,2017,97.8020172,98.8062973,
ECU,Ecuador,2017,92.0866928,93.7790604,
EGY,"Egypt, Arab Rep.",2017,65.5056915,76.4952164,
ETH,Ethiopia,2017,44.4233818,59.2414589,
FCS,Fragile and conflict affected situations,2017,59.5323715,73.7965622,
GEO,Georgia,2017,99.2947464,99.4375229,
HPC,Heavily indebted poor countries (HIPC),2017,55.1465797,70.1840515,
IBD,IBRD only,2017,85.4462204,92.2842484,
IBT,IDA & IBRD total,2017,79.8065491,88.3470764,
IDA,IDA total,2017,59.2409782,73.6542435,
IDB,IDA blend,2017,57.6557808,75.0239334,
IDX,IDA only,2017,60.0085983,72.9649506,
IRQ,Iraq,2017,79.9000015,91.1999969,
KWT,Kuwait,2017,94.8257675,96.6971436,
LAC,Latin America & Caribbean (excluding high income),2017,92.7820587,93.7664413,
LBR,Liberia,2017,34.0922585,62.6965599,
LCN,Latin America & Caribbean,2017,93.1621323,94.0547638,
LDC,Least developed countries: UN classification,2017,57.4831009,71.7135391,
LIC,Low income,2017,52.9723015,69.5401382,
LKA,Sri Lanka,2017,90.9707413,92.9805527,
LMC,Lower middle income,2017,68.5562897,82.0437164,
LMY,Low & middle income,2017,79.5448608,88.2202225,
LTE,Late-demographic dividend,2017,94.4327469,97.3601074,
MEA,Middle East & North Africa,2017,74.779007,87.5891571,
MEX,Mexico,2017,94.1657562,95.8723679,
MIC,Middle income,2017,81.7573395,89.7361374,
MNA,Middle East & North Africa (excluding high income),2017,72.3119278,85.4182892,
MOZ,Mozambique,2017,50.2951393,72.5994492,
NAC,North America,2017,98.6756973,98.7780075,
OMN,Oman,2017,92.2256012,97.0238724,
OSS,Other small states,2017,81.793129,87.6336975,
PAK,Pakistan,2017,46.4676704,71.1159973,
PER,Peru,2017,91.2701263,97.0397415,
PRE,Pre-demographic dividend,2017,55.7106514,72.1351013,
PRI,Puerto Rico,2017,92.3900223,92.3899612,
PSE,West Bank and Gaza,2017,95.2815781,98.5260086,
SAS,South Asia,2017,63.235611,79.9733505,
SAU,Saudi Arabia,2017,92.7071991,97.1037064,
SEN,Senegal,2017,39.7985611,64.8122787,
SGP,Singapore,2017,95.6894684,98.7969208,
SLV,El Salvador,2017,86.6736374,90.6313782,
SSA,Sub-Saharan Africa (excluding high income),2017,58.2724686,72.4068604,
SSF,Sub-Saharan Africa,2017,58.27705,72.4101028,
SST,Small states,2017,84.2684326,88.1147919,
TEA,East Asia & Pacific (IDA & IBRD countries),2017,93.5433502,97.297348,
TEC,Europe & Central Asia (IDA & IBRD countries),2017,98.5912704,99.5559311,
TLA,Latin America & the Caribbean (IDA & IBRD countries),2017,93.0290527,93.9458618,
TMN,Middle East & North Africa (IDA & IBRD countries),2017,72.063797,85.2823486,
TSA,South Asia (IDA & IBRD),2017,63.235611,79.9733505,
TSS,Sub-Saharan Africa (IDA & IBRD countries),2017,58.27705,72.4101028,
TUR,Turkiye,2017,93.4982681,98.8199615,
UMC,Upper middle income,2017,94.1154785,97.1612473,
URY,Uruguay,2017,98.963913,98.2341919,
WLD,World,2017,82.6576691,89.9256592,
ZAF,South Africa,2017,86.4586334,87.6777496,
AFE,Africa Eastern and Southern,2018,65.7786331,77.2993698,
AFW,Africa Western and Central,2018,51.0197105,68.2916336,
ARB,Arab World,2018,66.4708862,81.4063034,
BFA,Burkina Faso,2018,31.0440807,49.1727295,
BGD,Bangladesh,2018,71.1819382,76.6692581,
BRA,Brazil,2018,93.4250717,93.0090408,
BRN,Brunei Darussalam,2018,96.3012619,98.0536194,
CAF,Central African Republic,2018,25.7563801,49.5145912,
CEB,Central Europe and the Baltics,2018,99.2838669,99.4991913,
CMR,Cameroon,2018,71.5862732,82.6280365,
COL,Colombia,2018,95.3189163,94.8518295,
DZA,Algeria,2018,75.3229675,87.4229584,
EAP,East Asia & Pacific (excluding high income),2018,93.8562012,97.3006134,
EAR,Early-demographic dividend,2018,73.504097,84.8242798,
EAS,East Asia & Pacific,2018,93.5822372,97.0216522,
ECA,Europe & Central Asia (excluding high income),2018,98.704361,99.6772919,
ECS,Europe & Central Asia,2018,97.9582138,98.8812866,
ERI,Eritrea,2018,68.9461899,84.3732376,
ESP,Spain,2018,97.9737778,98.9253922,
FCS,Fragile and conflict affected situations,2018,57.9161491,72.2109604,
GIN,Guinea,2018,27.6925602,54.4311714,
GTM,Guatemala,2018,76.723381,85.3411789,
HND,Honduras,2018,87.2655563,87.1376419,
HPC,Heavily indebted poor countries (HIPC),2018,56.7160988,71.3337936,
IBD,IBRD only,2018,85.533989,92.1899872,
IBT,IDA & IBRD total,2018,79.9954834,88.3327484,
IDA,IDA total,2018,60.0994492,74.138649,
IDB,IDA blend,2018,57.6906586,74.6013565,
IDN,Indonesia,2018,93.9921799,97.331337,
IDX,IDA only,2018,61.2633286,73.9070129,
KOR,"Korea, Rep.",2018,98.4000015,99.1999969,
KWT,Kuwait,2018,94.905159,96.6664581,
LAC,Latin America & Caribbean (excluding high income),2018,92.9597778,93.8591614,
LCN,Latin America & Caribbean,2018,93.3308105,94.1460724,
LDC,Least developed countries: UN classification,2018,57.833519,71.845932,
LIC,Low income,2018,52.8249702,69.3095779,
LKA,Sri Lanka,2018,90.7956009,92.7729263,
LMC,Lower middle income,2018,69.3815689,82.4764404,
LMY,Low & middle income,2018,79.7401199,88.2073212,
LTE,Late-demographic dividend,2018,94.6663208,97.4551773,
MDG,Madagascar,2018,75.0705795,78.3782806,
MEA,Middle East & North Africa,2018,72.0245819,85.4033279,
MEX,Mexico,2018,94.6080475,96.2329025,
MIC,Middle income,2018,82.0184784,89.7674789,
MLI,Mali,2018,25.7351608,46.1841393,
MNA,Middle East & North Africa (excluding high income),2018,69.0610428,82.6667633,
NAC,North America,2018,98.6859589,98.7836075,
NGA,Nigeria,2018,52.6564789,71.2557068,
OMN,Oman,2018,92.6939926,96.989418,
OSS,Other small states,2018,82.1173782,87.7539825,
PAK,Pakistan,2018,45.3983994,69.2765808,
PAN,Panama,2018,94.8817215,95.9689331,
PER,Peru,2018,91.7031097,97.1213684,
PRE,Pre-demographic dividend,2018,55.7557487,71.7863922,
PRK,"Korea, Dem. People's Rep.",2018,99.997612,99.9988785,
PRY,Paraguay,2018,93.5317078,94.5114822,
PSE,West Bank and Gaza,2018,95.74189,98.6578217,
RWA,Rwanda,2018,69.3945389,77.5587997,
SAS,South Asia,2018,63.7823715,80.1525192,
SDN,Sudan,2018,56.0632286,65.4351501,
SGP,Singapore,2018,95.9194107,98.8508987,
SLV,El Salvador,2018,87.2341385,91.1023407,
SSA,Sub-Saharan Africa (excluding high income),2018,59.9730186,73.6609192,
SSD,South Sudan,2018,28.8642597,40.2648087,
SSF,Sub-Saharan Africa,2018,59.9773293,73.6639633,
SST,Small states,2018,84.5019379,88.2143478,
TEA,East Asia & Pacific (IDA & IBRD countries),2018,93.7767487,97.2677231,
TEC,Europe & Central Asia (IDA & IBRD countries),2018,98.7942886,99.6606216,
THA,Thailand,2018,92.4285583,95.2023926,
TLA,Latin America & the Caribbean (IDA & IBRD countries),2018,93.2039337,94.0409088,
TMN,Middle East & North Africa (IDA & IBRD countries),2018,68.7706299,82.4994888,
TSA,South Asia (IDA & IBRD),2018,63.7823715,80.1525192,
TSS,Sub-Saharan Africa (IDA & IBRD countries),2018,59.9773293,73.6639633,
UGA,Uganda,2018,70.8380585,82.6560135,
UMC,Upper middle income,2018,93.9795837,96.8828278,
URY,Uruguay,2018,99.0077362,98.3713608,
UZB,Uzbekistan,2018,99.9858704,99.9999771,
WLD,World,2018,82.8140106,89.9105988,
AFE,Africa Eastern and Southern,2019,67.2897797,78.2399979,
AFW,Africa Western and Central,2019,51.0413818,68.0728836,
ARB,Arab World,2019,66.9413528,81.5985413,
ARE,United Arab Emirates,2019,97.1254272,98.2231979,
AZE,Azerbaijan,2019,99.7267532,99.8682404,
BFA,Burkina Faso,2019,24.6815395,35.4092712,
BGD,Bangladesh,2019,71.9483871,77.4414902,
BLR,Belarus,2019,99.8765106,99.8709564,
CEB,Central Europe and the Baltics,2019,99.3091431,99.5033875,
CIV,Cote d'Ivoire,2019,86.7412491,93.1413498,
COL,Colombia,2019,95.4690323,95.015892,
EAP,East Asia & Pacific (excluding high income),2019,94.2917786,97.6303482,
EAR,Early-demographic dividend,2019,73.8940582,84.9846878,
EAS,East Asia & Pacific,2019,94.0413589,97.3727264,
ECA,Europe & Central Asia (excluding high income),2019,98.7313232,99.6835022,
ECS,Europe & Central Asia,2019,98.0051422,98.9070816,
FCS,Fragile and conflict affected situations,2019,58.7201118,72.7580185,
HND,Honduras,2019,88.7316971,88.2496338,
HPC,Heavily indebted poor countries (HIPC),2019,57.2313385,71.4252625,
IBD,IBRD only,2019,85.6540222,92.1804886,
IBT,IDA & IBRD total,2019,80.2309799,88.4039536,
IDA,IDA total,2019,61.0611382,74.716507,
IDB,IDA blend,2019,58.2003593,74.6242065,
IDX,IDA only,2019,62.4390106,74.7624664,
ITA,Italy,2019,99.2238922,99.4833374,
KGZ,Kyrgyz Republic,2019,99.5,99.6999969,
LAC,Latin America & Caribbean (excluding high income),2019,93.4829712,94.3231125,
LBN,Lebanon,2019,93.6100006,97.0100021,
LCN,Latin America & Caribbean,2019,93.8028564,94.5644073,
LDC,Least developed countries: UN classification,2019,59.1537209,72.7659607,
LIC,Low income,2019,53.2473297,69.2160568,
LKA,Sri Lanka,2019,91.5808716,93.0313568,
LMC,Lower middle income,2019,69.6874237,82.5324783,
LMY,Low & middle income,2019,79.9843674,88.2823181,
LTE,Late-demographic dividend,2019,94.9144135,97.5847473,
MEA,Middle East & North Africa,2019,72.4945221,85.6188965,
MIC,Middle income,2019,82.2918472,89.8878174,
MMR,Myanmar,2019,86.2686081,92.3929291,
MNA,Middle East & North Africa (excluding high income),2019,69.5580826,82.9337006,
NAC,North America,2019,98.6929398,98.7887421,
OSS,Other small states,2019,82.4919586,87.8753815,
PAK,Pakistan,2019,46.4900398,69.2874603,
PAN,Panama,2019,95.3588791,96.1408997,
PHL,Philippines,2019,96.8524323,95.7057266,
PRE,Pre-demographic dividend,2019,56.2406807,71.8692017,
PRY,Paraguay,2019,92.6553421,93.7881699,
PSE,West Bank and Gaza,2019,95.9148865,98.8044205,
SAS,South Asia,2019,63.746769,79.8211212,
SGP,Singapore,2019,96.134758,98.9035187,
SLV,El Salvador,2019,87.3185883,91.3061981,
SRB,Serbia,2019,99.1156082,99.8758087,
SSA,Sub-Saharan Africa (excluding high income),2019,60.9022484,74.1351089,
SSF,Sub-Saharan Africa,2019,60.9063911,74.1380463,
SST,Small states,2019,84.7908783,88.3369217,
TEA,East Asia & Pacific (IDA & IBRD countries),2019,94.2181702,97.6014633,
TEC,Europe & Central Asia (IDA & IBRD countries),2019,98.8217087,99.6671371,
TGO,Togo,2019,55.0514984,79.9916916,
TLA,Latin America & the Caribbean (IDA & IBRD countries),2019,93.6906433,94.4723129,
TMN,Middle East & North Africa (IDA & IBRD countries),2019,69.2698135,82.7667465,
TSA,South Asia (IDA & IBRD),2019,63.746769,79.8211212,
TSS,Sub-Saharan Africa (IDA & IBRD countries),2019,60.9063911,74.1380463,
TUR,Turkiye,2019,94.4240417,99.0753098,
UMC,Upper middle income,2019,94.3481598,97.1403885,
URY,Uruguay,2019,99.0352631,98.4809494,
UZB,Uzbekistan,2019,99.9999466,99.9999466,
VNM,Viet Nam,2019,94.5656586,96.9906998,
WLD,World,2019,83.0187302,89.9817429,
ZAF,South Africa,2019,94.5331726,95.545372,
ABW,Aruba,2020,98,97.9700012,
AFE,Africa Eastern and Southern,2020,67.5369873,78.3186035,
AFW,Africa Western and Central,2020,51.2462311,68.0394669,
ARB,Arab World,2020,67.5015869,81.9009171,
ARM,Armenia,2020,99.7445068,99.8433228,
BGD,Bangladesh,2020,72.0047836,77.8167114,
BOL,Bolivia,2020,90.5025864,97.4442825,
CAF,Central African Republic,2020,26.2000008,49.2299995,
CEB,Central Europe and the Baltics,2020,99.3347702,99.5077133,
CHN,China,2020,95.6100006,98.6299973,
CMR,Cameroon,2020,73.1200027,83.4000015,
COL,Colombia,2020,95.875061,95.3825226,
EAP,East Asia & Pacific (excluding high income),2020,94.7819977,97.7312317,
EAR,Early-demographic dividend,2020,74.4787827,85.3358078,
EAS,East Asia & Pacific,2020,94.5039291,97.4725037,
ECA,Europe & Central Asia (excluding high income),2020,98.8617401,99.7251816,
ECS,Europe & Central Asia,2020,98.1070709,98.9479904,
ECU,Ecuador,2020,92.490242,94.8125076,
ESP,Spain,2020,98.1870422,99.0250626,
FCS,Fragile and conflict affected situations,2020,58.5896416,72.5863037,
GHA,Ghana,2020,76.1900024,84.4899979,
HPC,Heavily indebted poor countries (HIPC),2020,57.5840492,71.5264587,
IBD,IBRD only,2020,86.1236267,92.3760681,
IBT,IDA & IBRD total,2020,80.5973816,88.5585327,
IDA,IDA total,2020,61.3776207,74.9446335,
IDB,IDA blend,2020,58.5982819,75.039772,
IDN,Indonesia,2020,94.5523529,97.4493103,
IDX,IDA only,2020,62.7120705,74.8974915,
KAZ,Kazakhstan,2020,99.8000031,99.9000015,
KWT,Kuwait,2020,95.3516998,97.0538483,
LAC,Latin America & Caribbean (excluding high income),2020,93.4956512,94.3594894,
LCN,Latin America & Caribbean,2020,93.8200989,94.60392,
LDC,Least developed countries: UN classification,2020,59.4558907,72.8892365,
LIC,Low income,2020,53.4354897,69.1979523,
LKA,Sri Lanka,2020,91.5976563,93.2840271,
LMC,Lower middle income,2020,70.3396988,82.9567566,
LMY,Low & middle income,2020,80.3590012,88.4407425,
LTE,Late-demographic dividend,2020,95.2930298,97.7099686,
MEA,Middle East & North Africa,2020,73.0420074,85.9336624,
MEX,Mexico,2020,94.4951324,96.0587463,
MIC,Middle income,2020,82.7289581,90.0952682,
MLI,Mali,2020,22.0784702,40.4340515,
MNA,Middle East & North Africa (excluding high income),2020,70.0246811,83.19133,
MNG,Mongolia,2020,99.2410889,99.1213837,
MOZ,Mozambique,2020,48.5707397,72.4718704,
NAC,North America,2020,98.7015076,98.7940598,
OED,OECD members,2020,96.4494095,97.6692886,
OSS,Other small states,2020,82.9024887,87.9932022,
PER,Peru,2020,92.0190277,96.9898911,
PRE,Pre-demographic dividend,2020,56.6158905,71.9689484,
PRY,Paraguay,2020,94.1814117,94.9214706,
SAS,South Asia,2020,64.6073914,80.4088821,
SAU,Saudi Arabia,2020,96.0492477,98.6229324,
SGP,Singapore,2020,95.82547,98.5418625,
SLV,El Salvador,2020,88.5415268,91.7316895,
SSA,Sub-Saharan Africa (excluding high income),2020,61.1382103,74.1714935,
SSF,Sub-Saharan Africa,2020,61.1422501,74.1743622,
SST,Small states,2020,85.0809708,88.4255981,
SWZ,Eswatini,2020,89.4700012,89.0699997,
SYC,Seychelles,2020,96.6999969,95.8000031,
TEA,East Asia & Pacific (IDA & IBRD countries),2020,94.7149277,97.7035599,
TEC,Europe & Central Asia (IDA & IBRD countries),2020,98.9379578,99.7039413,
TLA,Latin America & the Caribbean (IDA & IBRD countries),2020,93.7096176,94.5133514,
TLS,Timor-Leste,2020,66.5,73.3000031,
TMN,Middle East & North Africa (IDA & IBRD countries),2020,69.737793,83.0259171,
TSA,South Asia (IDA & IBRD),2020,64.6073914,80.4088821,
TSS,Sub-Saharan Africa (IDA & IBRD countries),2020,61.1422501,74.1743622,
UMC,Upper middle income,2020,94.7038727,97.214653,
WLD,World,2020,83.3252029,90.1146622,
ZMB,Zambia,2020,84.3000031,91,
AFE,Africa Eastern and Southern,2021,67.45401,77.9536285,
AFG,Afghanistan,2021,22.6007805,52.0634308,
AFW,Africa Western and Central,2021,51.6556091,68.4329376,
ARB,Arab World,2021,67.8748932,82.0040512,
ARE,United Arab Emirates,2021,97.1707687,98.8145294,
BGR,Bulgaria,2021,98.1699982,98.6900024,
BRN,Brunei Darussalam,2021,96.8600006,98.2600021,
CEB,Central Europe and the Baltics,2021,99.3508377,99.5050964,
COG,"Congo, Rep.",2021,75.3700027,85.9400024,
CRI,Costa Rica,2021,98.0999985,97.9899979,
CUB,Cuba,2021,99.7171478,99.6284637,
CYP,Cyprus,2021,99.1500015,99.5800018,
EAP,East Asia & Pacific (excluding high income),2021,94.8024597,97.7614975,
EAR,Early-demographic dividend,2021,74.9784927,85.6444397,
EAS,East Asia & Pacific,2021,94.5390472,97.5077362,
ECA,Europe & Central Asia (excluding high income),2021,98.9141312,99.7396317,
ECS,Europe & Central Asia,2021,98.1425934,98.9442902,
ECU,Ecuador,2021,94.0484924,94.9388199,
EST,Estonia,2021,99.8799973,99.8700027,
FCS,Fragile and conflict affected situations,2021,58.7563896,72.6356201,
GIN,Guinea,2021,31.2700005,61.1500015,
HPC,Heavily indebted poor countries (HIPC),2021,58.2435417,71.853363,
HRV,Croatia,2021,99.2399979,99.6900024,
HUN,Hungary,2021,99.0999985,99.0999985,
IBD,IBRD only,2021,86.3695984,92.5139771,
IBT,IDA & IBRD total,2021,80.8308182,88.6980133,
IDA,IDA total,2021,61.8951683,75.3232269,
IDB,IDA blend,2021,59.0784111,75.2942123,
IDX,IDA only,2021,63.2445717,75.3375473,
JOR,Jordan,2021,98.1299973,98.7099991,
LAC,Latin America & Caribbean (excluding high income),2021,93.825119,94.5786896,
LCN,Latin America & Caribbean,2021,94.1233521,94.8069382,
LDC,Least developed countries: UN classification,2021,60.1137886,73.3884735,
LIC,Low income,2021,54.0468483,69.4722824,
LKA,Sri Lanka,2021,91.6362076,93.3422623,
LMC,Lower middle income,2021,71.0304108,83.4083481,
LMY,Low & middle income,2021,80.5986328,88.5836029,
LTE,Late-demographic dividend,2021,95.3463211,97.7525482,
LTU,Lithuania,2021,99.8499985,99.8099976,
LVA,Latvia,2021,99.9100037,99.8600006,
MAC,"Macao SAR, China",2021,95.8799973,98.4700012,
MDA,Moldova,2021,99.5,99.6999969,
MDV,Maldives,2021,98.4100037,97.5699997,
MEA,Middle East & North Africa,2021,73.4363022,86.0913086,
MIC,Middle income,2021,82.9822006,90.2603073,
MLT,Malta,2021,96.4199982,93.4400024,
MNA,Middle East & North Africa (excluding high income),2021,70.4972992,83.4570236,
MNE,Montenegro,2021,98.5400009,99.4499969,
MRT,Mauritania,2021,62.1699982,71.7799988,
MUS,Mauritius,2021,90.4599991,93.9100037,
NAC,North America,2021,98.7035828,98.7899704,
NAM,Namibia,2021,92.3300018,92.1600037,
NPL,Nepal,2021,63.3300018,80.9800034,
OED,OECD members,2021,96.5339966,97.7094193,
OSS,Other small states,2021,83.1045074,87.9646835,
POL,Poland,2021,99.8000031,99.8000031,
PRE,Pre-demographic dividend,2021,57.2519188,72.2803192,
PRI,Puerto Rico,2021,92.4000015,92.4000015,
PRT,Portugal,2021,95.9199982,97.7600021,
ROU,Romania,2021,98.6999969,99.0999985,
RUS,Russian Federation,2021,99.9357224,99.9182816,
RWA,Rwanda,2021,73.3000031,78.6999969,
SAS,South Asia,2021,65.5588989,81.0171509,
SSA,Sub-Saharan Africa (excluding high income),2021,61.2505112,74.1135178,
SSF,Sub-Saharan Africa,2021,61.2544518,74.1163483,
SST,Small states,2021,85.2431717,88.4183273,
SUR,Suriname,2021,93.4000015,96.5,
TEA,East Asia & Pacific (IDA & IBRD countries),2021,94.7359009,97.7342224,
TEC,Europe & Central Asia (IDA & IBRD countries),2021,98.9848709,99.7158813,
THA,Thailand,2021,92.8000031,95.5,
TLA,Latin America & the Caribbean (IDA & IBRD countries),2021,94.0236511,94.7240677,
TMN,Middle East & North Africa (IDA & IBRD countries),2021,70.2106934,83.2926483,
TON,Tonga,2021,99.5,99.4000015,
TSA,South Asia (IDA & IBRD),2021,65.5588989,81.0171509,
TSS,Sub-Saharan Africa (IDA & IBRD countries),2021,61.2544518,74.1163483,
UKR,Ukraine,2021,100,100,
UMC,Upper middle income,2021,94.6587524,97.1687317,
UZB,Uzbekistan,2021,99.995903,99.9999466,
VUT,Vanuatu,2021,88.4000015,89.8000031,
WLD,World,2021,83.5056229,90.2187576,
WSM,Samoa,2021,99.3000031,99,
ZAF,South Africa,2021,89.3661194,90.6758575,
AFE,Africa Eastern and Southern,2022,67.5454102,77.8900223,
AFW,Africa Western and Central,2022,51.9770088,68.6466827,
AGO,Angola,2022,62.5,82.8000031,
ALB,Albania,2022,98.3000031,98.6999969,
ARB,Arab World,2022,67.8338013,81.9195099,
ARE,United Arab Emirates,2022,97.5801468,98.8223877,
BDI,Burundi,2022,69.4400024,81.8399963,
BEN,Benin,2022,36.4000015,57.9000015,
BFA,Burkina Faso,2022,29.1200008,40.0699997,
BIH,Bosnia and Herzegovina,2022,97.0999985,99.4000015,
BRA,Brazil,2022,94.9199982,94.4499969,
BTN,Bhutan,2022,63.9000015,79.1999969,
CEB,Central Europe and the Baltics,2022,99.35392,99.5060883,
CHL,Chile,2022,97.1200027,97.1900024,
COD,"Congo, Dem. Rep.",2022,71.7300034,89.6299973,
COM,Comoros,2022,56.8699989,66.5500031,
CPV,Cabo Verde,2022,87.6100006,94.4700012,
DOM,Dominican Republic,2022,95.5999985,95.4000015,
EAR,Early-demographic dividend,2022,75.7668533,85.9369125,
ECA,Europe & Central Asia (excluding high income),2022,98.9547272,99.7452469,
ECS,Europe & Central Asia,2022,98.1698914,98.9500275,
ECU,Ecuador,2022,93.0507507,94.9341736,
EGY,"Egypt, Arab Rep.",2022,68.9499969,79.9899979,
FCS,Fragile and conflict affected situations,2022,58.6846199,72.5985489,
GAB,Gabon,2022,85.0400009,86.3000031,
GEO,Georgia,2022,99.5390625,99.6167221,
GMB,"Gambia, The",2022,52.25,65.3099976,
GNB,Guinea-Bissau,2022,41,67.5800018,
GTM,Guatemala,2022,80.3899994,88.3199997,
GUY,Guyana,2022,89.6600037,90.4300003,
HPC,Heavily indebted poor countries (HIPC),2022,58.5678711,72.0459824,
IBD,IBRD only,2022,86.8050613,92.667778,
IBT,IDA & IBRD total,2022,81.1813889,88.8186722,
IDA,IDA total,2022,62.2890511,75.557457,
IDB,IDA blend,2022,59.5614815,75.5465698,
IDX,IDA only,2022,63.5939789,75.5628204,
IND,India,2022,69.10215,83.4518127,
IRN,"Iran, Islamic Rep.",2022,84.8700027,93,
KEN,Kenya,2022,80.2699966,85.5800018,
KHM,Cambodia,2022,79.6500015,88.1299973,
LAC,Latin America & Caribbean (excluding high income),2022,93.9837723,94.7317429,
LAO,Lao PDR,2022,83.3700027,91.6399994,
LCN,Latin America & Caribbean,2022,94.2721634,94.948761,
LDC,Least developed countries: UN classification,2022,60.5485306,73.6298523,
LIC,Low income,2022,54.2912712,69.6257401,
LMC,Lower middle income,2022,71.9270096,83.735199,
LMY,Low & middle income,2022,80.9572678,88.7075272,
LSO,Lesotho,2022,89.7600021,73.9400024,
LTE,Late-demographic dividend,2022,95.3925476,,
MAR,Morocco,2022,69.0800018,85.6200027,
MDG,Madagascar,2022,76.0299988,78.9300003,
MEA,Middle East & North Africa,2022,73.8940811,86.3267288,
MIC,Middle income,2022,83.3974915,90.4139709,
MNA,Middle East & North Africa (excluding high income),2022,71.0048676,83.7409973,
MWI,Malawi,2022,65.0899963,71.3700027,
NAC,North America,2022,98.7047577,98.7902603,
NER,Niger,2022,29.7000008,46.2999992,
OMN,Oman,2022,94.8565521,98.6211777,
OSS,Other small states,2022,83.3351898,88.0053024,
PRE,Pre-demographic dividend,2022,57.628891,72.4776535,
SAS,South Asia,2022,66.8553391,81.5034714,
SEN,Senegal,2022,47.0800018,69.0599976,
SLE,Sierra Leone,2022,41.3100014,56.0299988,
SOM,Somalia,2022,28.0071392,54.0428581,
SSA,Sub-Saharan Africa (excluding high income),2022,61.4338417,74.1622009,
SSF,Sub-Saharan Africa,2022,61.4376907,74.1649628,
SST,Small states,2022,,88.4568024,
STP,Sao Tome and Principe,2022,91.0699997,96.4700012,
TCD,Chad,2022,18.8700008,35.7799988,
TEC,Europe & Central Asia (IDA & IBRD countries),2022,99.0196228,99.7208862,
TLA,Latin America & the Caribbean (IDA & IBRD countries),2022,94.1766586,94.8703079,
TMN,Middle East & North Africa (IDA & IBRD countries),2022,70.7188568,83.577652,
TSA,South Asia (IDA & IBRD),2022,66.8553391,81.5034714,
TSS,Sub-Saharan Africa (IDA & IBRD countries),2022,61.4376907,74.1649628,
TUN,Tunisia,2022,77.8799973,89.5400009,
TZA,Tanzania,2022,78.6999969,85.5299988,
UGA,Uganda,2022,76.5299988,84.8499985,
UMC,Upper middle income,2022,94.7101974,97.2053375,
UZB,Uzbekistan,2022,99.9999771,99.9999771,
VEN,"Venezuela, RB",2022,97.7300034,97.4599991,
WLD,World,2022,83.7838364,90.3106537,
ZWE,Zimbabwe,2022,91.1999969,88.2099991,